{"cameraMode":{"drawMode":0,"name":"Shaded","section":"Shading Mode"},"sceneLighting":true,"audioPlay":false,"sceneViewState":{"m_AlwaysRefresh":false,"showFog":true,"showSkybox":true,"showFlares":true,"showImageEffects":true,"showParticleSystems":true,"showVisualEffectGraphs":true,"m_FxEnabled":true},"in2DMode":false,"pivot":{"x":-1.2871177196502686,"y":-0.24034321308135987,"z":-8.678768157958985},"rotation":{"x":0.003298262134194374,"y":0.9914776086807251,"z":-0.12771737575531007,"w":0.02558613196015358},"size":6.148090362548828,"orthographic":false}